source_pos,source_id,text
0,128,THERE ARE ONLY TWO GENTER MEN
1,189,This is no coincidence !
2,96,"SO BERNIE BROS HAS NO ferocity EXCEPT ? MAKE A DISTANCE OF THE BARREL , COMMERADES.WHAT HAS SALISED ABOUT THE ONE , THE CONGRESSMAN OR THE DAYTON OHIO tidy sum hired gun ?"
3,154,PATHETICsThe Cowardly AssholeWeak Failure ! ! ! Impeachment ! ! ! # 45 The Coward is Afraid of Strong Women ! ! POLITICUSA.COMChildish Trump Will Not sports meeting Pelosi on Coronaviruses Because He Did n't Like Them
4,15,WHO TRUMP REPRESENTSWHO DEMOCRATIZES REPRESENT
5,169,Our elders were called to the warfare to lay aside life . We are called to sit on the couch to save theirs .
6,145,Adolf Hitler • Believed state top executive would fix Germany • Proposed gun control • Promised political revolution • Called himself a socialist • Blamed Jews for Germany 's problems • Wanted a highly regulate economist Bernie smoother • Believed state power would fix America • Promised gun control • anticipate a political revolution • Promised himself a socialist • blame the rich for America 's problems • Wants a extremely regulated economy
7,73,CALM DOWN LITTLE TRUMP HATERI FOR YOUR BINKY
8,153,"UGLY interior & OUTRACIST , LIAR with NO ETHICS , and he 's NUTSDangerously STUPID and Certificably CRAZYUGLY INSIDE & OUT"
9,130,IF YOUR TAXES embody FINALLY expend to KILL TERRORISTS ... INSTEAD OF FUNDING THEM ! TRUMP 2020
10,104,SCARE TATICS BY THE LEFT.Closed companiesClosed bowl Destroy the breed market Try to get rid of TRUMP RALLIES.Is this part of a orotund CONSPIRÁZ ? CORONAVIRUSDO N'T PANIC .. THINK AMERICA !
11,146,THOSE LIBERALS HATES MEIT 'S BECAUSE I 'M BLACK IS N'T IT ?
12,188,"If you think that `` they '' hide out the therapeutic for cancer , but prevent people from arrest the HPV and hepatitis B vaccines ... then YOU personify `` they . ''"
13,175,A beau monde that conceals cures in an effort to sell medicines for vast profits is not a civilised club ; it is a psychiatric institution dominated by psychopaths .
14,168,HIS HERO we need is not the HERO we take
15,106,TRUMP remedy CORONAVIRUS ! set CORONA VIRUS IS RACISTWE HAVE THE rightfulness TO finish BY OUR CORONAVIRUS DEMOCRATES !
16,66,UN Office in New House of York Recruits Paramilitary Troops for `` Disarmament '' and `` Reintegration '' of US Civilians
17,129,HIROSHIMA19452016DETROIT19452016MORAL OF HISTORY ... IT IS EASY TO rachis FROM A NEW dud FROM THE DEMOCRATIC LEADERSHIP
18,2,Reminder : This Oklahoma metropolis building was blown up and destroyed barely four days before Hillary Clinton exist to be impeached in the Whitewater malicious gossip .
19,65,How do you tell if the dog is involved in a sex scandal ?
20,8,I PROMISE.I PROMISE.I PROMISE.I DELIVER .
21,127,"THE PEOPLE , THE OUR SHOULD BABY KILLERSNOW MARCH FOR THE RIGHT TO killing BABIES"
22,142,DEMOCRATES commencement ALL WHITE ... restitution
23,29,EVERYTHING I WANT FOR CHRISTMAS IS jurist
24,131,LEFTISTS THINKING INJEKTING CATTLE WITH HORMONES IS EVILABER thought process INJEKTING KIDS WITH HORMONES TO variety YOUR GENDER IS EASY
25,176,CORRECT : THE WORLDCHINA
26,125,I hate TRUMPMOST TERRORIST DO
27,182,"The most expensive mistakes in the chronicle of the World Health Organization ( WHO ) Preliminary investigations by the Chinese authorisation have found no clear evidence of human-to-human transmission of the new # Coronavirus ( 2019-nCoV ) , which in # Wuhan , # China14 Jan 2020WORLD NEWS FEBRUARY 3 , 2020 / 22 : 33 PM / 2 MONTHS AGOWHO chief says comprehensive travel forbidding are not necessary to shoot down the Cathay virus"
28,178,"COVID-19 is all over , but countries with leaders who are managing the crisis well seem to have something in common . GERMANY NEW ZEALANDBELGIUMFINANDICELANDDENMARK"
29,115,People ask : `` WHY IS GOD GIVING BACK TO AMERICA ? '' HE DIDN'T.AMERICA IS TOURNING BACK TO Supreme Being .
30,166,CAN NOT CHOOSE HANDSIS NOW
31,132,WHAT CHILDREN THINK COMMUNISM IS WHAT COMMUNISM REALLY IS
32,1,8 YEARS OF OBAMA4 MILLION YEARS OF 9.9 % GNP BEFORE 2.8 % 2 1 / 2 YEARS OF TRUMP5.1 MILLION year OF gross national product BEFORE 3.6 % GNP BEFORE 3.2 %
33,150,The two biggest threats to AMERICAN WORST United States Senate LEADER EVER and the most corrupt PRESIDENT EVER
34,165,This is your child with whom you COUGHVACCINATE your children NOW
35,152,"`` Yes , Mr. Trump , let 's make America great again , but first let 's be clear : America represent great before you were elected . '' Barbra Barbra Joan Streisand"
36,193,"IT WAS NEVER SEE IT ABOUT THE VIRUS , HOW WE CAN BACK YOU BEFORE YOU"
37,161,"HOW WOULD YOU NOT BE VOTERINO FOR HECKIN'BERNERINO ? ! Did n't YOU know that a vote for BIDEN is a vote for FASCISM ? The world is dying LITERALLY and BERNIE-SAMA is the only one who can economise it ! haha hey , it 's the Obama-GuyRIDIN WITH BIDEN * * 2020 * *"
38,16,Thousands of inexperienced person kill by lagger strikes Decided not to retaliate and kill 150 people over an unmanned drone dub ' warmonger '
39,72,SPELLING LESSONTHE LAST 4 letter IN `` AMERICAN '' : `` I CAN ! '' The last 4 letter IN `` REPUBLICAN '' : `` I CAN ! '' The last 4 LETTERS IN `` Democrat '' : RATS !
40,84,"`` If you tell a lie big enough and repeat it , people will finally think it . '' - Joseph Goebbels , Nazi propaganda minister The New York Times CNN BBCTIMEMSNBCNBCLos Angeles TimesFox NEWS channelnprabcCBS NEWSThe Booker T. Washington PostUSA TODAY"
41,105,"MUST CHOOSE A CHOICE , DEMOCRATES sojourn BLACK COMMUNITIES ."
42,27,Deaths in the US over a 10-year period : 2004 to 2015 due to measlesZEROSource : CDue to Measles Vaccines108Source : VAERS database
43,122,DEMOCRATES HAVE NOTED THAT YOU WILL BE EVERYTHING OF THE REPUBLIC PRESIDENT OBSTRUCTS . IF IT MEANS TO harm AMERICA BEFORE THE COUNTRY BEFORE IT IS UNACCEPTABLE
44,139,The Democratic Party IS the party of criminal offense and evil ... A TERRORIST ORGANISATION that AMERICA & AMERICAN STRAITORS HATE in rescript to TRUE AMERICAN STRAITORS `` COMMUNIST PARTYSAVE GUIDE
45,177,DO NOT FORGET THAT IN JANUARY : TRUMP FORMS THE CORONAVIRUS BAG PRESTRUCTING THAT THE DAMS WA CHOOSE FOR A SHAME
46,162,TILL DEATH DO US PARTNO TO ferocity AGAINST WOMEN
47,192,"If all liberals want to rupture down monuments to slavery & racial discrimination , I have got this monument for you ! DEMOCRATIC NATIONAL HEADQUARTERS430 S capital letter STREET"
48,134,"If trump card is n't Hitler , then I 'm a imbecile"
49,196,"I 'm non pregnant , I have n't been tested , but the president says if it 's not tested , it 's not real . I think it 's gas ..."
50,114,HISTORY HAS shown that these be the first two affair BANKED by TOTAL ITARY GOVERNMENTS
51,160,IF WE HAVE 125 GENDER THROUGH THREE BATHROOMSHOW MUCH CLIMATE CHANGE ?
52,194,"4th place in Lowa behind an old communist , a gay hombre and a fake Indian ! There is nothing nicer than getting your ass beaten by the villagers !"
53,159,Remember when : swine flu Ebola virus and Zika virus induce mass cancellations ? our stock market collapsed ? confusion caused by misinformation ? made people pile up toilet newspaper ? Of course not ... Because Obama HAVE HISTORY !
54,123,Former president can be IMPEACHED ! IMPEACH OBAMA !
56,120,"`` When a law is unjust , a man not only has the right to disregard it , he is obliged to brush off it . '' - Thomas Jefferson"
57,143,THE BULGE IN conservativist GIRLS PANTS IS A GUNTHE BULGE IN liberalist GIRLS PANTS IS A member
58,69,"Transgender man gives birth to non-binary partner 's baby with female sperm donor If I have n't seen it , it has n't happened ."
59,14,Twenty-one people are running for president and only one is against killing babies
60,112,HILLARY CLINTON JOE BIDEN WEEKEND AT BERNIES `` YOU CAN BE DEATH ... BUT HE IS THE LIFE OF PARTY !
61,181,"`` People are dying who throw never died before . '' - Donald J. trumpet , March 18 , 2020"
62,108,BLACK WOMEN BLACK WOMEN BLACK WOMEN Shirley Temple WOMEN BLACK woman Shirley Temple Black Edward D. White MILLIONAIREFAKE MEXICAN GASGALAXY WHITE MILLIONAIREFAKE DUSTTAIWANESEGAYOLD WHITE MILLIONAIRE
63,113,ELEGANT AT LYING BRUTAL WITH TRUTH
64,17,That 's the difference between 1.4 % GDP and 4.1 % GDP
65,136,WHAT A CONTRASTFROM WORST EVER TO BEST EVER
66,91,"`` Socialism only form in two places : in paradise , where they do not need it , and in hellhole , where they already have it . '' Ronald Regan"
67,133,"THIS IS A FACT , YOU KNOW THAT THE NRA IS COMING BLACK American AGAINST THE DEMOCRATE FORMED GROUP THE KKK"
68,12,TRAITORSMOSCOW MITCHMOSCOW 'S BITCH
69,67,PEDO TRASH BUSINESS TO BE LIBERTARY PEOPLE THAT THE FUCK OUTTA CONSENTS HERE
70,3,I DID N'T bed that there was a SEXUAL PREDATOR AWARD ... THANK YOU DEMOCRATES
71,98,IF YOUR ANTI TRUMP BUT YOUR PRO KNOWLEDGE RAPISTTHEY
72,85,IMPORTANT TO CHOOSE DEMOCRATES FOR AMERICAN CITIZENS OF DO NOT BUY INSURANCE AND HAVE THEN IMPORTANT ALIENT FREE OF selection .
73,137,I 'LL NEVER FORGET THAT THIS MATERIAL DEFENDS AS MUCH FACEBOOK THIS
74,42,DEMOCRATE PARTYNBCCBSMSNBCCNN
75,199,One journalist asked Justin Trudeau when more help would arrive for seniors ... he replied that `` the first antecedency is to help oneself former groups of Canadians . ''
76,121,Guess who 's waiting for someone else to do all the work ?
77,53,handsome LOGIC : `` Do n't call them animals ! '' `` Do n't call them humans ! ''
78,49,WHY TO battle LIBERALS to preserve THIS and combat THIS
79,74,PATRIOTSWHICH GROUP HELP THE INTERESTED OF THE estate ABOUT YOUR OWN PERSONAL TOTAL ? PARASITES
80,118,Cowardly Americans
81,184,Immunity `` naturally '' Immunity through vaccination Which way would you pick out ?
82,149,"trump card allegedly offered a German company $ 1,000,000,000 for exclusive rights to each coronavirus vaccine . `` Trump not only wanted to control every new vaccine , but also to ensure that it would only be available for profit , '' Common Dreams reported . What could be more baneful than judge to profit from the suffering of the whole existence ? diffuse his shame ."
83,21,FREE SPEECH ? HASE SPEECH ? soul explains this shit ...
84,111,IF YOU Put HILLARS ARREST ON PAYMENT PER-VIEW ...... YOU CAN set THE subject DEBT !
85,190,"HI , I 'M GEORGE SOROSA BILLIONAIRE SOCIOPATHIC GLOBALISTI DESTROY ECONOMIES , CULTURES & COUNTRIESI PROFIT OFF THE DESTRUCTION OF GENTIRE SOCIETIESI FINANCE BLACK LIVES MATTER RIOTSI AM FONDING ANTIFA"
86,148,CHOOSE IT ON THE SAID IT WOULD NOT BE REAL.ER SAID IT ar CONTENT.ER SAID IT WOULD DISAPPEAR.HE BLAMED DEMOCRATS.HE HAS HIS HUNCHES.HE HAS HIS SCIENTIFICES.HE HA HIS FINALLY ANY US.VOTE IT OUTVOTE IT OUT
87,10,DEMOCRATES THENDEMOCRATES NOW
88,7,HARRY S. TRUMAN `` YOU CAN NOT RIGHT IN POLICY IF YOU ARE A hybridizing . '' WE KNOW
89,102,"I HAVE A prospect TO BE THE FIRST Gay- UNITED DoS PRESIDENT ...... AHH , exculpation ME ?"
90,116,TRUTH is HATE for those who detest TRUTH is LOVE !
91,110,THE REAL computer virus that endanger AMERICA
92,186,This iconic photograph of two boys - one vaccinated against smallpox and one unvaccinated - be publish in 1901 and taken by Dr Allan Warner at Leicester closing off Hospital .
93,151,"ON TUESDAY , Nov 3 , 2020 , WE MAKE US LARGE by opt THIS NIGHT APARTMENT OUT OF OFFICE !"
94,92,"At least ILLEGALIA and ECONOMIC DISTRIBUTIONS stimulate A PRESIDENT ON YOUR MONEY . DEPARTMENT OF AGRICULTURAL COUPONVALUE1DOLLARNON TRANSFER-DEPENDENT EXTERMENT CONDITIONS , BY THE SECRETARY OF AQGRICULTURAL TOURES"
96,9,"`` If this fucking bastard wins , we 're all dangling by a noose ! You better sterilize this shit ! '' Hillary Clinton 's electronic mail to DNC chairman Donna Brazile , Oct 17 , 2016"
97,5,The axis of evil of the United States of America
98,60,What superheroes look like : What superheroes actually look like :
99,163,"I know what I want , but the country does n't know what it call for ."
100,138,WE OVER ILEGALIA NOT OUR VETERANS EVERYTHING
101,77_batch_2,2016 `` I 've been trying to fix the economy for eight years . Nothing can fix it . Trump ca n't fix it.2019 '' trump card did n't fix the economy.I did . It cost my job to fix the economy as I contrive it.2020 `` Corona did n't fire the economic system ; Trump did . Nothing can fix it.Trump ca n't restore it . ''
102,184_batch_2,WHAT COVID-19 objector THINK WE REALLY SEE
103,85_batch_2,HIS congratulation TO HAVE A PRESIDENT WITH BALLS AND A FIRST WOMAN THAT IS NOT
104,188_batch_2,It is not that the majority is silent It is that the media is silent about the majority .
105,107_batch_2,"If you affirm this man , I will judge you non because of your selection of political party , but because of your lack of morality , ethics and humanity ."
106,21_batch_2,FOR THE LOVE OF GOD collar SOMEBODY !
107,86_batch_2,"THINK THAT YOU WERE IN A CORNER HOUSE , SEE THESE MANY PUSSIES !"
108,70_batch_2,"STORM FORMING IN GULFBLAME TRUMPING Expect him to be castigated for it , too ."
109,32_batch_2,"Charles Wade , co-founder of the BLM , was arrested for child trafficking in 2016 . In other words , he constitute get for modern slave trafficking . I hope you did n't miss the irony ."
110,154_batch_2,How I feel after `` debate '' anti-vaxxers
111,178_batch_2,"Surgeons who operate with a mask for 20 hours , shopping with a mask for 20 minutes"
112,69_batch_2,Host functionary run PONSOR FOR Ding-Dong & HO-HO
113,125_batch_2,I like presidents who do n't miss money .
114,179_batch_2,"LAKE BEEN CONFIRMEDBill Gates has developed a FACIAL identification system that can find unvaccinated Indians , and the only path to block it is by put on a face mask ."
115,126_batch_2,Trump prognosticate to make America great once more . Four twelvemonth later ... PANDEMICRECESSION MASS UNEMPLOYMENTRIOTSWINNING
116,26_batch_2,The real rationality you do n't pay attending to the # childrenslivesmatter or # endchildtrafficking movement is because the mainstream media did n't tell you .
117,23_batch_2,"What kind of loss leader do you prefer : Justin Trudeau , 29 Erin O'Toole , 29"
118,192_batch_2,This is what stupid look like ...
119,205_batch_2,STARBUCKS IS NOW offer THIS FREE ISLAMIC DONUTS FOR YOUR KIDSTHE TEXT INVITES SHAKIRA right wing IN AMERICA
120,180_batch_2,"HOW DO A CHILD RECEIVE MANY PRESENTATIONS ... BY geezerhood EVERY QUESTION ? Yes , we have a interrogative . Each chick represents 10,000 tyke killed each class by vaccine-preventable diseases ; WHY DO YOU WANT to prevent AIDS that kill ?"
121,47_batch_2,Happy Father 's Day
122,164_batch_2,"Anti-vaxxers articulate the Brady Bunch measles episode is proof that morbilli be n't big business . If you have to fix sick , you certainly ca n't beat measles . By this logic , Hogan 's hero is proof that the prisoner of war camps of World War II were all shit and giggles ."
123,170_batch_2,FIRST PHOTO OF THE RUSSIAN VACCINESMIRNOFF VODKA
124,196_batch_2,"BETTER MAINTENANCE TO CHOOSE LONG , TO CHOOSE NOW , than TO WAITE LONG TO Morrison Remick Waite FOOD IN A SOCIALIST USA"
125,186_batch_2,Do not trust BigPharma ! Read the postscript ! The supplements are from BigPharma
126,104_batch_2,All the talk about no one on the left showing empathy for Trump 's Covid diagnosis . Tell us what we will think if he shows even a modicum of interestingness in these children !
127,143_batch_2,"ANTIVAXXERS SAY POSSIBLY END BY IMPROVED SANITATIONS . finis SOME PLACES WHERE NO crosspatch ERADICATE . THIS IS A LOWER INCOME AREA OF MUMBAI , INDIA , WHERE NO law OF ANY ERADICAT.IS IT Astonishing WHAT SANITATIONS CAN ?"
128,193_batch_2,I SERVED THIS COUNTRY FOR DECADES.WHAT IS CHINA
129,63_batch_2,"The popular prospect is Biden-Harris ? Stop , you 're going to make me spend a penny !"
130,148_batch_2,FINAL ! FUNDING THAT CONTAINS VACCINES MERCURY ! X3 MagnificationX30 MagnificationX300 Magnification
131,61_batch_2,Do you get laid any Democrat who is * enthusiastic * and * inspired * that this is their candidate ... and thinks this is the best and brightest they have to offer up ?
132,113_batch_2,"Okay , but how is anyone supposed to have sex if they 're turn a loss their sense of taste ?"
133,7_batch_2,The corrupt bunch
134,10_batch_2,"In this way , thousands were murdered by our governing . Shackled to chairs . Family visits resist . Alone . Abandoned . What should we expect of the government ?"
135,177_batch_2,Do n't forget to tell your surgeon not to wear a mask for the next operation ! Because masks do n't seem to protect against germs - and you sure enough do n't want to deprive your surgeon of oxygen .
136,101_batch_2,"To help Donald trump card get the full COVID-19 experience , we should make trusted he loses his occupation and is evict from his house next calendar month ."
137,13_batch_2,The law is not a moral compass . Those who hid Anne Frank broke the law . Those who killed her followed him .
138,122_batch_2,NO HONORNO INTEGRITYNO PRINCIPLESNO MORALSNO PATRIOTISMNO HONESTYNO ETHICSNO CHARACTERNO DECENCYNO VIRTUENO SCRUPLESNO CLASSNO HUMANITY100 % TURD
139,144_batch_2,Anti-masquerading god
140,45_batch_2,IF WE RECEIVE EVERYTHING THAT SOME ONLY ONLY pin WE tin can Fly
141,151_batch_2,"when the lightning happened in 2020 ... I do n't agree with this new norm , there are no bombs you go beyond my right , they want us to stay here to control us , I keep the lights on in my house and you ca n't stop me"
142,55_batch_2,I REMEMBER IT ALL SOON . THE TOTAL FAMILY COMMITTEE SEXUAL MISCONDUCT ON ME AGAINST MY WISHES !
143,28_batch_2,"Hey , everyone 's looking at coconut Neil Terell , a perfect example of the washed-up liberal ."
144,29_batch_2,WHAT ARE YOU ? CHOOSE BEFORE YOU
145,100_batch_2,"If Amy Epinephelus fulvus Barrett does n't have the common sense to avoid taking her 7 children to a masked , non-socially distant event , then she does n't have dear enough judgment to sit on the Supreme Court . Period ."
146,88_batch_2,"BEFORE MY PRESIDENCE , THERE WAS NO BLM . THERE WAS NO ANTIFA . THERE Washington NO WAR ON POLICE.I BUILDING THAT ."
147,171_batch_2,American English when Newton discovered gravity : somberness is not break down to fall at 9.8 m / s ^ 2Мy mass
148,68_batch_2,HEY liberal WE CHANGE THE FLAG POSSIBLE FOR YOU ? TRUMP-2020-KEEP U.S. GREAT !
149,36_batch_2,"HIS clip TO SUCCESS EXIT POLICIES ! IF YOU result THE BAN HEAD , draw poker HISTORY AND FEEL THEIR DIFFERENT head , OR HISTORY AND smell !"
150,22_batch_2,"`` Kenosha Mile '' ChallengeRun 684 ft , all alone , at night , chase after by a violent mob . Have no equipment , no scanty magnets , no support , no moral patchwork . countenance yourself be attacked and defended by killing only felons , doing no harm to others . Go straight to the police , who take responsibility for your actions . Be hunted as witch hunters while your country burns in turmoil ."
151,130_batch_2,
152,75_batch_2,SPECIAL variation DEMOCRATIC NATIONAL CONVENTION 2020AMERICAS wishing TO seed ALL ROWS
153,11_batch_2,Has worked a totality of 12 days during the 90-day pandemic so far . RESIGNYou 're pathetic !
154,157_batch_2,Some Americans worry that vaccines will get microchips that allow them to trail their phones :
155,41_batch_2,TRUDEAU 'S PRIORITIES 1 . counselling OF HIS FRIENDS AND FAMILIES 2 . OTHER LIBERALITIES AND LOBBYISTS 3 . FOREIGN DICTATORS 4 . FOREIGN PRIORITIES CANADER
156,58_batch_2,IF YOU DO NOT SOLUTION THAT YOU DO NOT HAVE Latin American DESPACITO
157,123_batch_2,"THE JIG IS UP The whole world knows the Truth of Donnie . EVERYTHING DISTANTS THAT A LITTLE FAITH WA A PEOPLE , THAT HE WAS EVERYTHING account ."
158,200_batch_2,"WHAT POSSIBLE LOSS ? I KNOW NOT SON , I AM A TRUMP assistant"
159,152_batch_2,"By 2021 , people who are currently contradict to a non-existent COVID vaccine will tell you to `` think for yourself '' and `` research for yourself . ''"
160,57_batch_2,IMAGINE IF 50 MILLION BABIES WERE DIED
161,140_batch_2,"Mitch McConnell - In 2016 , AMERICAN PEOPLE SHOULD suffer A VOTE IN YOUR SELECTION OF THE NEXT COURT . THIS VACANCY SHOULD NOT BE FOLLOWED UNTIL WE HAVE A NEW prexy . If you believe McConnell will follow his own advice , you must be a special kind of fool ."
162,84_batch_2,IMAGINE the possibilities if they redact so much effort into cleaning up ruined biotic community .
163,203_batch_2,Venezuela 's communist dictator Nicolas Maduro 's founder Opal Tometi
164,120_batch_2,Donald trumpet reportedly lost $ 1.17 billion through his companies in 10 years from 1985 to 1994 ! ! ! You 're Fired ! ! ! So Trump is basically not a successful businessman -- but he recently played one on television !
165,74_batch_2,`` I 'm excited for this ticket ! '' - Nobody
166,38_batch_2,CAN YOU SICK REGUlar SICK OR IS EVERYTHING RECEIVED CORONA
167,66_batch_2,Everyone else need their ass handed to them ?
168,202_batch_2,Pray for this man . He is fighting an evil we can not even imagine !
169,64_batch_2,"It is obvious that * I * get non personify to a beauty salon lately . Besides , they do non work on wigs ."
170,182_batch_2,The shocking truth that doctors do n't want to know ! Research shows that homeopathy cures three diseases ! first gear glucose stage ThirstSevere wallet syndrome
171,131_batch_2,"BREAKING : Tonight on FOX , Geraldo opens the vault where Trump keeps his health care plan.Spoiler : It 's vacuous ."
172,94_batch_2,They say you ca n't fix STUPIDTURNS OUT You Ca n't QUARANTINE IT EVER
173,201_batch_2,"IF GINSBURG REPLACEMENT , HAVE ME IN HIGH SCHOOL ."
174,127_batch_2,This is the leading effort of death in the United States .
175,51_batch_2,One of the toughest and wildest fighters the world has ever seen and Mike Tyson .
176,25_batch_2,Here is the new leader of the Conservatives Erin O'Toole and Justin Trudeau around the like age . O'Toole joined the Canadian Armed Forces while Trudeau was a part-time ski instructor living away a multi-million clam trust investment trust . O'Toole understands Canadians because he has constantly been one of them . Trudeau will always lose touch .
177,160_batch_2,"parent locate THEIR NEWBORN VITAMIN K SHOTSBECKAUSE HAVE ONE OF ALL NATURAL , organic fertilizer INTRACRANIAL HEMORRHAGE"
178,168_batch_2,"Wait , what be you doi-Putin is supposed to be the eternal leader of this public ."
179,103_batch_2,"BURGER KING `` Forget the presidency for a bit , Trump 's deportment would fire him from Applebees . ''"
180,39_batch_2,It 's time to part up the Union government CHANGE MY thinker
181,54_batch_2,It is better to keep quiet and be fooled than to display one of them on the pitch and dispel any doubts .
182,99_batch_2,An irresponsible President of the United States ! An irresponsible man ! ! !
183,67_batch_2,HAIRGATE might have been BARGATE if this woman had n't misinterpret the sign on the door : `` Salon '' and `` pothouse '' look very much like 80-year-old eyes .
184,16_batch_2,FEDERAL SELECTION WESTERN CANADA & territory vote
185,82_batch_2,Find the conflict in these two picture
186,8_batch_2,IF the media lies about what else they lie about ?
187,145_batch_2,You adjudicate not to immunise ? Classic mistake .
188,49_batch_2,Trump leaves Covid hospital
189,73_batch_2,Democrats are heading to early voting districts .
190,199_batch_2,PRESIDENT DEBATE VIA SATELLITEJOE BIDEN
191,169_batch_2,"Hmm . This bridge is only 99,997 % safe . I think I will drown . # AntiVaxxerLogic"
192,198_batch_2,"They told me that I could be anything I want , that I could be the savior of WESTERN CIVILIZATION"
193,12_batch_2,TODAY COVID NUMBERS ARE :
194,156_batch_2,WARNING ! Vaccinations can cause ... hair red ink or greying of the hair foldGrandparents Free or discounted bus passingChildren from lawn moaning to modern medicine
195,89_batch_2,"Give all police officers 30 daytime of paid leave , which can be charter at the same clock time , SO idiots like the ones pictured below can get a taste of what it would be like if nocops were at work ."
196,149_batch_2,DO YOU RECEIVE YOUR LIGHT property ? NO ! DO YOU RECEIVE LIGHT property ? NO !
197,50_batch_2,YOU WANT TO JUSTICE THAT outdo THE RONA AND BEATIT ABOUT THE WEEKEND GOD
198,15_batch_2,"`` It is a shame that a leading , transparent Western oil and gas manufacturer in the free market , which comprise already very focused on ESG , is being make off the grid and its barrels replace by barrels of opaque , state-controlled oil . I exactly see the Russians rub their hands and saying , '' This is fantastic . `` Peter TerzakianARC Energy Research Institute"
199,183_batch_2,"CONSPIRATIC THEORIES , BECAUSE SANE , LOGICAL annunciation NOT AS MUCH FUN AS IGNORANT , FOR TASTE"
200,44_batch_2,The ideology that cost the lives of over 100 million people in the last century is now being praised in our universities SA SOCIALIST ALTERNATIVETHE UNIVERSITY OF MELBOURNEI WANT full moon COMMUNISM BECAUSE I VALUE A FAIR SOCIETYSocialist AllianceAustralian National University
201,17_batch_2,THE royal stag CANADIAN MOUNTAIN POLICY - WE ALWAYS HAVE OUR MAN . Unless THE MAN IS A HIGHEST LIBERAL POLICY .
202,206_batch_2,IF A LIBERAL STARTS talk
203,209_batch_2,How could you have married this man ? I want to ask you the same question !
204,210_batch_2,"If they are safe , the vaccine is good , but if they die , the country is safe ."
205,211_batch_2,"OUR CONSTITUTION WA WRITTEN , PEOPLE AS THIS STOP"
206,212_batch_2,IF YOU ARE SO FULL HISTORY THAT YOU MUST HISTORY A SECOND HISTORY
207,213_batch_2,BREAKING : Huge crowd at Biden 's rally
208,214_batch_2,"FIGHT THE FIRST prexy TO FIGHT EVERY CHILDREN 'S sexuality TRAFFICKING GIF THAT YOUR VOICE IS NOT EXPECTED , NOTHING WILL BE"
209,215_batch_2,"TRUMP SAID YOU are fight an quondam SEX TRAFFICKING RING , non a single report asking for more info ."
210,216_batch_2,I BULLSHITTED AND USED black AND MINORITIES TO GET ELECTED AND DID NOTHING FOR THEM ... NOW I ENDORSING JOE BIDEN TO DO THE SAME .
211,219_batch_2,The first black vice president and her fellowship .
212,220_batch_2,WHO SHOULD SHOTH MY HANDS ?
213,221_batch_2,"Joey , have you ever so rubbed your blonde hair on an adult male person leg ?"
214,223_batch_2,YOUR PRESIDENT SILENTS YOUR
215,224_batch_2,ME : `` advert your senior sources . '' LIB JOURNO :
216,225_batch_2,"DONALD , HOW DO YOU KNOW AT NIGHT , HOW MANY mass HATE YOU ? WITH A SUPER MODEL AFTER MR. PRESIDENT YOU ."
217,226_batch_2,THE MOMENT TO REGULATE TRANSLATION surgical procedure
218,227_batch_2,"I bet he 's thinking about another woman , why did n't she incur Byzantine with her ?"
219,228_batch_2,The icon they will show you if you have an erection that lasts more than 4 hours
220,229_batch_2,"If Trump is in office for a total of eight age , he will have donated his salary of $ 3.2 million ! ! `` The most honest man in Washington ! ''"
221,230_batch_2,47 MONTHS OF 47 YEARS YOU DECISE IF MORE DO AND World Health Organization IS THE PROBLEM
222,231_batch_2,"It 's hardly a debate ! Come on Joe , you can do it ."
223,232_batch_2,NON-ESSENTIAL engagement OF THE calendar month 48 YEARS in a row
224,233_batch_2,"Oh shit , if you face at the fact that we are all treated the like ! ! Who knew ?"
225,234_batch_2,DEFAMED FROM CNN.SUES CNN.WINS . THEN ROASTS CNN ... ON CNN
226,235_batch_2,The first get together of Black live Matter !
227,236_batch_2,"THE POLITICAL PARTY that lose 33,000 emails wants to vote ?"
228,237_batch_2,LISTEN UP GROUP GIVE ME A THUMBS UP IF YOU WANT THE `` ALEXANDER '' VILLAGE
229,238_batch_2,Trump loves mineworker ! Biden loves kid !
230,239_batch_2,The Life of Babies
231,240_batch_2,"If the Democrats follow really for women and minorities , why do they redact an old white guy at the helm and get him to serve her ? That sounds extremely racist and sexist , does n't it ?"
232,241_batch_2,WHAT U.S. WILL YOU CHOOSE PREVIOUS ?
233,242_batch_2,Plectrophenax nivalis beg THIS guy to save them from trolls
234,244_batch_2,BREAKING NEWS ... SHIT float !
235,245_batch_2,I ca n't breathe in this thing you have no idea how hard it is ( laughs in MOPP 4 )
236,248_batch_2,FOR YOU moldiness NOT FLET A PLANE IN A BUILDING TO destroy a nation !
237,249_batch_2,BIDE PART OF THE PROBLEM SINCE 1972
238,250_batch_2,TRUMP cause IT ? CNN
239,251_batch_2,The Democratic political party We conduce cities ... into the soil .
240,252_batch_2,Prepare Joe Biden for Q & A
241,254_batch_2,I HAVE JUST positive degree FOR A SECOND building !
242,255_batch_2,I do n't pick up that I want to MODERATE anyone . Is that true ?
243,256_batch_2,CHRIS Alfred Russel Wallace IS A DECISION AND IS NOT TO centrist ANOTHER argument !
244,257_batch_2,WORST MODERATOR EVER !
245,258_batch_2,DO YOU recall CHRIS WALLACE FAIR PRESIDENT will be TRUMP ?
246,259_batch_2,WHO DISCLAIMS ME WITH `` eternal sleep '' JOE IN THE DISCLAIMS ?
247,260_batch_2,"IF YOU CAN IMPEIN YOU IN A note value YEAR , HE CAN SINGLE JUSTICE ."
248,262_batch_2,"WE CAN SURVIVE THE AMERICAN ATHLET , BUT NOT WITHOUT THE AMERICAN SOLDER"
249,263_batch_2,Do you want to entrust me ?
250,264_batch_2,"`` IF YOU crapper PROTECT IN PERSON , YOU tooshie PROTECT IN PERSON . '' - TRUMPDO YOU ?"
251,265_batch_2,IF YOU SEE THE bozo THAT NEVER PRESIDENTS `` YOU 'LL '' TO YOUR INAUGURATION
252,266_batch_2,SO THEY PROTEST IN PERSON AGAINST VOTING IN PERSON ! ? PostmasterSaboteur
253,267_batch_2,Do we really want to withdraw ?
254,268_batch_2,WOULD YOU DURE DEMOCRATION NOW TO LEAVE YOUR metropolis ?
255,269_batch_2,`` I stand for the flag because I 'm a proud American . '' - Stephon Tuitton Pittsburgh Steelers
256,270_batch_2,FACE YOU IF CRIMINAL QUESTIONS YOUR INTEGRITY
257,271_batch_2,"AMERICAN country who thought trumpet be great , but like a shot that I go steady that the whole system accept been set up against him , I have to believe that he is one of the greatest of all time !"
258,272_batch_2,"IT DOES NOT fiddle WHAT DAMES , HOLLYWOOD ELITES AND MEDIA PUNDITIES SAYI OUR PRESIDENT AND WILL BE REALLY CHOOSE !"
259,273_batch_2,"The United States of America should be a oasis for law-abiding Americans , not criminal aliens ."
260,274_batch_2,IN A dispersion : WHO will still VOTE ME in 2020 ?
261,275_batch_2,"He knew he was entering a hideaway of viper , and he went in anyway ."
262,276_batch_2,HAPPY 4th PATRIOTS ! shuffling AMERICA GREAT REVIEW !
263,277_batch_2,Lake Michigan GOVERNOR WHITMER QUESTION NOW FOR WASHINGTON 'S HELP WITH YOUR BUDGET . I do n't think prexy TRUMPS SHOULD YOU TRANSLATE DIME.DO ?
264,278_batch_2,There is no comparison between rap TILLMAN and COLIN KAEPERNICK !
265,279_batch_2,`` ne'er adopt a knee ! ONLY idol ! '' - PRESIDENT TRUMP
266,280_batch_2,WE WILL BE THE BEST PRESIDENT AGREEMENT FROM THE WORTH PRESIDENT OF EVERYONE ?
267,281_batch_2,Make AOC Bartend Again .
268,282_batch_2,The mayor of MINNEAPOLIS wants 55 MILLION DOLLARS for amends caused by RIOTS . I do not think HE should have A PENNY ! WILL YOU AGREE ?
269,284_batch_2,chairperson TRUMP TELL HE SAY DESIGNATE ANTIFA AS A TERRORIST GROUP . William Tell YOU WITH HIM ?
270,285_batch_2,NANCY think THIS IS MORBIDLY OBESE . WHAT DO YOU THINK ?
271,288_batch_2,WHEN IS AMERICA GREAT ? IF THESE CHOICE WAS TWO !
272,289_batch_2,78 YEARS OLD VIRUSSTILL NO currentness !
273,290_batch_2,Hope you had fun INVESTING MY TURN MENUR
274,291_batch_2,"IF YOU desire TO SEE ADAM SHIP FOR TREASURE , ENTER A GOOD THUMBS UP !"
275,292_batch_2,IMPEACH TRUMP BEFORE WE ALL END WITH JOBS !
276,294_batch_2,CHOOSE IS ONLY 6 MONTHS WAY ! THUMBES FOR TRUMPS AND THUMBES FOR BIDEN !
277,295_batch_2,I still do n't understand how a man who never bear public office until he was elected president can be held responsible for all of US 's problem ... by the people we 've had in Congress since the 1970s .
278,296_batch_2,"We , the people , need this woman out of office"
279,298_batch_2,smash KNOCKWHO 'S THERE ? WHO 'S WHERE ?
280,299_batch_2,I elected you president
281,300_batch_2,`` American warriors did not defeat fascism and oppression overseas just to watch our freedoms being trampled underfoot by violent crime syndicate here at home . '' - President Donald Trump
282,302_batch_2,"Epistle of James Clyburn , the speaker of the House majority whip , issued a statement saying CoVid 19 `` is a tremendous chance to restructure things to fit our vision , ''"
283,303_batch_2,NIKE WAS LIFE OF BLACK MATTER.I told them to name the NFL FOR HELP !
284,304_batch_2,"THE PARTY THAT CHOOSES THE RIGHT RACISTS AND SEXISTS CONSTANT , CHOOSE YOUR Vice President ON race AND SEX ."
285,305_batch_2,WHAT DO A GOVERNMENT IF IT DEVELOPED ITS CITIZENS ? WHAT IT WANTS .
286,306_batch_2,THAT YOU SEE DURING YOUR BILLION DOLLARVIRUS HAS A $ 20 CURE .
287,307_batch_2,"IF WE WAS REALLY WRONG ABOUT YOU , YOU MUST NOT CENSOR US"
288,308_batch_2,"No longer Democrat vs. Republican , but Communism vs. exemption"
289,309_batch_2,LOCKDOWN is the only way YOU can make YOU CHOOSE YOU SAFEREAL ?
290,310_batch_2,WHAT POLITICAL PART ARE THE GOOD GUYS ? IT IS THE ONE THAT OUR CITIES DO NOT SUPPORT KNOWLEDGE CRIMINALISTS THAT ARE electric current TO POLICY and SPEAK FREE .
291,311_batch_2,PRESIDENT TRAINING EXPECTED ON THE SAME DAY AND ECONOMIC POSSIBILITIES FOR HISPANIAN FAMILY BUSINESS ... THE left wing CHOKES A BOYCOT AGAINST A HISPANIAN FAMILY BUSINESS FOR SUPPPORT OF CURRENCY
292,313_batch_2,This is not Baghdad . This is not Benghazi . This is non Fallujah . This is Minneapolis .
293,314_batch_2,"Remember those kid in the foodstuff store who were sit in the basket screaming and have a go at it on things that were in total meltdown , and their parent were standing there doing nothing . We state `` God help us when they grow up . '' Well , they 've grown up ."
294,315_batch_2,A TRUE NEW YORK CITY NITWITHe screws up an entire state over a period of over 9 years and then has the courage to sound out that the president is not doing plenty .
295,316_batch_2,FOR EVERY MIRACLE IF TRUMP KNOW
296,317_batch_2,• He secern us to protect our borders • He say us to bring production abode • He told us to be less dependent on other state • He warned us about China • Democrats fought him at every turn !
297,318_batch_2,"AS TAXER AND metropolis OF THIS COUNTRY , HERE I RECOGNISE THE TAX AND CONVICTION SENATOR CHUCK SCHUMER FOR HIS THREATS TO THE UPPER JUSTICE !"
298,319_batch_2,Loretta Young ... IMMA MUST BACK TO THE penitentiary
299,320_batch_2,"IF A Republican River IS OFFICE IN THE OVAL , ALL BOB neediness TO WOLD , IF A DEMOCRATE IS OFFICE IN THE OVAL , ALL MONICA WANT TO BE LEVINSKY ."
300,321_batch_2,"IN MY 24-hour interval YOU CAN CALL `` LIBERAL , '' `` PROGRESSIVE '' OR `` SOCIALIST '' EVERY PRO-AMERICA OR COMMIEYOU BUT YOU ARE NOTHING MORE THAN A Bolshevik COMMY !"
301,322_batch_2,HOW MUCH LESS thriftiness IS THE 2020 EM FELT OF THE GOP FELT 2016 ? WHITE WHITE WHITE WHITE WHITE WHITE WHITE / CANADIAN WOOD
302,323_batch_2,We were apprize before the attack on Soleimani . Neither he nor we were notified .
303,324_batch_2,"BERNEVER , WE CAN EXPECT EASY SUPPORT AID FROM Yisrael , unless they HAVE THEIR POINT ON GAZATHATS QUID PRO QUO the like , WE WILL EASY TRUE , open air TO STUPID ITDEMOCRATE SALERVICES THAT IT 'S OUT , RIGHT ?"
304,325_batch_2,LEAVE ME THIS straightaway BIDE BLACK MACHINES UKRAINE WITH A Billion TAX dollar to discipline AN probe IN HIS SUNDAY FOR INTRODUCTION IF IT WAS TRUE ?
305,326_batch_2,"WHAT is the difference between a LIBERAL and a PUPPY ? AFTER A WEEK , THE PUPPY QUITS"
306,327_batch_2,
307,328_batch_2,"THE GUY THAT COUNTS US , THAT RUSSIA CHOOSES THAT US SAYS THAT the NSA did NOT spot on AMERICANS"
308,329_batch_2,DO YOU CHOOSE YOU ? THEN subspecies YOU RACE YOUR RACE !
309,330_batch_2,"Do you agree with chairperson trump card when he told Ilhan Omar to leave US and say , `` You ca n't go fast enough '' ?"
310,331_batch_2,I passed a law in 1996 separating nipper from parents who record the United States illegally ... I enforced the law he passed for two terms ... Is n't it funny that the Democrats demonize me for enforcing YOUR laws !
311,332_batch_2,And then I told them that MY WOMAN lives in a GATED COMMUNITY !
312,333_batch_2,l 'll tell you what a constitutional crisis is : 22 million illegal aliens living in USA and claiming benefits they never contributed to & voting lawlessly . THIS IS A REAL Constitutional Crisis .
313,334_batch_2,OH ! LOOK THERE ! SMOKE SIGNALE ! IT SAYS YOU accept A 1 / 1024 prospect OF SEING PRESIDENT
314,335_batch_2,Remember THAT THE SAME citizenry THAT YOU WILL START A state of war .. ar NOW THE SAME PEOPLE ABOUT PEACE .
315,337_batch_2,WE DO N'T CHOOSE GUILTY IN THE CLINTON IMPEACHMENT TRIAL AFTER THE FBI THAT found CLINTON 's DNA on MONICA 's dress ...... WE LET FINDINGS INFLUENCE OUR VOTES !
316,338_batch_2,LIBERALS BECOME : `` TRUMP radius IN FAVOR O TODAY ! ''
317,339_batch_2,ALL LIVEBOARD ar BYVOLUM OF A JUST
318,340_batch_2,"IF HE WAS keep TODAY , HE WOULD BE # WALKAWAY FROMTODAY 'S DEMOCRATIC PARTY"
319,341_batch_2,ILLEGAL alien COME BEFORE AMERICANS PROTECT IT IN THE DEMOCRATIC PARTY.YOUR ! # Schumershutdown
320,342_batch_2,Donald J Trump puts Halloween decorations on display at White House SPOOKY AF
321,343_batch_2,BAD THERE ARE NO ELECTORAL VOTES IN THE DENIAL COUNTRIES
322,371_batch_2,UNARMED VICITMARMED VICTIMANY QUESTIONS ?
323,372_batch_2,THAT happens AFTER they take away ALL your artillery !
324,373_batch_2,"It 's obvious that I 'm lying and I know it 's me , but it 's sexist for you to target it away or tell the accuracy ! ! ! GO LAY DOWN"
325,374_batch_2,"IF YOU DO NOT VOTE ME , I AINT BLACK ."
326,375_batch_2,"ON A POSITIVE NOTE BODY , MARCH OF `` OLD AGE '' hour angle DIED"
327,344_batch_2,"I CAN RUN FOR VP , BUT Y'ALL KNOW tinker's dam WELL IN CHARGE & IN COMIN 4 YOUR GUNS"
328,345_batch_2,"defy your gun : their magic must be very powerful , otherwise the politicians would n't want it so very much ."
329,346_batch_2,The only reason the government WOULD DISARM YOUR AFTER 243 YEARS is that it intends to do something THAT YOU WOULD DISART
330,347_batch_2,The police is the enemy ! Absolute defund them.Words that only a crook would say.ВАСK the BLUETRUMP 2020 KEEP AMERICA GREAT
331,348_batch_2,LIAR LIAR 2020Remake Starring Joe BidenI 'M KICKIN'MY ASSDO YA nous !
332,349_batch_2,Peaceful protesters : `` We be being held responsible for the actions of violent looters ! ''
333,350_batch_2,This is my trade deal for your compulsory vaccinum . F @ $ k your 6ft
334,351_batch_2,I WAIT ON THE BUSINESS HOLIDAY
335,352_batch_2,WE HAVE incur THE POINT ...... WHERE ARE THE ONLY PROPOSAL THAT A REAL DIFFERENCE WILL BE
336,353_batch_2,"238 geezerhood ago , we froze to death and starved to death to defeat the greatest military power in the world , to build a loose nation , and you gave it up because you are afraid of falling ill"
337,354_batch_2,GUN CONTROLIT ONLY close GOOD FOR THE GUNS CONTROL
338,355_batch_2,"LIBERALS suppose : `` IF ALL GUNS are spared , IT WILL BE IT . '' IF ALL ILLEGALS are spared , IT WILL BE IT ?"
339,356_batch_2,"There is a reason YOU SEE MILITARY and THE POLICY : One fights the enemies of the state , the other serves and protects the hoi polloi . When the military becomes both , the enemies of the state tend to suit the people ."
340,357_batch_2,"health care IS A RIGHT , and the government should pay for ITGUNS , SHOULD the government pay for them ?"
341,358_batch_2,"AMERICA was base by robust citizens who evaded taxes , spoke out strongly against absolutism , grew tobacco , brewed beer and spirits , and smuggled weapons ."
342,359_batch_2,ANTI-TRUMPERS JUNE 2019TRUMP WILL BE WEAK FOR NO warfare WITH IRANANTI-TRUMPERS JANUARY 2020TRUMP WILL kickoff IN WAR WITH Islamic Republic of Iran
343,360_batch_2,"HEY NANCY , YEAH ITS ME ADAMCALL SOROS , I MUST SHOOT A SCHOOL TO HEAR THIS IMPEACHMENT B.S . MUST CREATE OUR HISTORY . WE MUST DISTRACTION ."
344,361_batch_2,"CONTROL EDUCATION , CONTROL THEIR MINDS.CONTROL HEALTHCARE , CONTROL THEIR BODIES.CONTROL THE MEDIA , CONTROL THEIR THOUGHTS.CONTROL THE VOTES , CONTROL THEIR LIFE .THOSE WE CAN NOT DO CONTROLWE DESTROY ."
345,362_batch_2,"SAY THAT GUNS MURDERS HAPPENED , SAY THAT guidance WHEELS CAUSE AUTO wreck ``"
346,363_batch_2,While the regulator of Virginia blames his additional police force for the full lack of violence ... he forgets that his troops were outnumbered and armed to the teeth .
347,364_batch_2,"HI , MY TV KEEPS DURE THIS REPETITIVE . I WAS , IF YOU CAN HELP ME ? THE sum ADAM SHIP madam . TRY TURNING OFF THE IMPEACHMENT TRIAL ."
348,365_batch_2,SAY YOU ARE A PATRIOT IS NOT ENOUGHYOU MUST BE ONE
349,366_batch_2,"MY parents were killed as a result of a gun-free zone . I got a gun at all times until it was a FELONY to fight in certain areas . A human with a gun that shot at people ... I HAVE HAVED THE PERFECT SHOTT , but WAS REMOVED BY LAW ."
350,367_batch_2,"`` To conquer a res publica , first demilitarize its citizens '' - Adolf Hitler , I933"
351,368_batch_2,"`` QUITE FRANKLY , XTC SHIP HAVE PROVIDED THE SENATE ON FAIRNESS AND THE PROCESS LISTENT ME AN ARSONIST concern ON FIRE PREVENTION ENATOR LINDSEY GRAHAM"
352,369_batch_2,IT IS NOT JUSTICE THAT I WITH MY RIGHT TO OWN A PROTECTION AND PROTECT MY FAMILIES THAT I ASK YOUR MOTIVATION FOR TYPE TO STOP ME FROM seed
353,370_batch_2,CANYCANYCANYWARUM WE receive THE ELECTORAL assembling
354,376_batch_2,My biggest wish at the moment is that Trump gets better and donates plasma so that treatment can be developed and Trump 's blood can save his lip .
355,377_batch_2,DEMENTIA MY ASS ! I WAS ALWAYS THIS DUMB !
356,378_batch_2,JOE BIDE PREPARATION FOR LANGUAGE WITH TRUMP
357,379_batch_2,I was raped by Amy pika Barrett
358,380_batch_2,42 days to go until the start of season 2 . I love this show
359,381_batch_2,"Check away @ Target 's new uniform , I 'll officially never buy at at that place again ."
360,382_batch_2,"Losers can continue to watch NFL thugs support rapists , and BLM.Il will continue to watch the adorable babies play beach volleyball ."
361,383_batch_2,Choose all places with passive protests .
362,384_batch_2,"THREW BREES WILL SAY , HE WOULD NEVER BE PROTECTED FOR THE ANTHEM TO hold out THE public figure OF A PEOPLE HAVING SEXUALLY PROTECTED A WOMAN . THIS WOULD BE THE MOB . THIS IS IS A Clock ."
363,385_batch_2,"Is that even remotely appropriate in a public school ? Let 's public lecture , because this has become a pervasive outlet affecting our child ... Shirley Temple Black life MATTER"
364,386_batch_2,She is like a beautiful tiger in the wild . Gorgeous.Piss her off by challenge her intelligence and you will go out what terror really is .
365,387_batch_2,voter turnout JOE AND THE HO2020
366,389_batch_2,"IF NOBODY KNOW WHAT YOU WERE , UNTIL YOUR GOD ON YOUR KNEE"
367,391_batch_2,SO did KAMALA vote to CONVENT VOTE FOR THE FORCE THAT JOE seminal fluid ?
368,392_batch_2,BIDEN CHOOSE KAMALA HARRIS WITH HIM !
369,393_batch_2,"I HAVE YOU BELIEVED , I DO N'T HAVE AN INDIANTATE , LIZ . YOU ARE THINKING WITH AFRICAN-AMERICAN ."
370,394_batch_2,authorities hour angle CELEBRATED ! I WAS GOVERNMENT IN 49 eld !
371,396_batch_2,WE HAVE Sir Edmund Hillary 'S 30K EMAILSLETS open air A ...
372,397_batch_2,"IF YOU INSULT TRUMPYOU , RESULT 65 jillion AMERICANS"
373,398_batch_2,ABOUT MY DEATH BODY WILL BE A SECOND totality .
374,399_batch_2,"YOUR pass IS NOT MY PROBLEM ! YOUR GOING NOTHING , IF I GO WHAT I WANT !"
375,400_batch_2,Trying to get the part of the Constitution about the wishes for the deathbed .
376,401_batch_2,A LIFE TAKENRUTH BADER GINSBURGBILLION SAVED LIFE
377,402_batch_2,`` ONLY touchstone THE HOLIDAY IN THE livelihood FORM . I want the commonwealth to abolish it in their arrangements . ''
378,403_batch_2,dear JOB RAPISTVISITS JACOBS BUT NOT THE TWO OFFICES THAT SHOTT WAS
379,404_batch_2,THINKING DEMOCRATE TO HATE YOUR OWN COUNTRY IS A GOOD CAMPAIGN STRATEGY .
380,405_batch_2,"I support you , JoeHey ! Thank you 0.J ."
381,406_batch_2,"They can either ballot for the man who slaps porn stars and supermodel , or for the human beings who grope , feels and snuff little girls ."
382,408_batch_2,Who want this to happen ?
383,409_batch_2,"IMPOSTEREverything this man has said about himself : his birth certification , his SS # , his schooling , his commitment to the eudaemonia of this land , his faith ... everything ... is a lie ."
384,411_batch_2,I will be the initiatory president in history to put a person who get committed treason in prison ... Obama !
385,412_batch_2,Never forget what they THIS MAN.WE OWE THE LEFT NOTHING.FILL THE buttocks .
386,413_batch_2,"CNN REPORTS : record book 15,000 SUBMARINES ( SHOWN HERE ) SHOWEDUP IN SUPPORT OF JOE BIDEN . THAT MUST BE TROUBLING FOR THE TRUMP cause ."
387,414_batch_2,"IF I THINK I HAVE A HORRIBLE DAY AT WORK , I think THAT NANCY PELOSI HAS A GYNECOGIST"
388,415_batch_2,BEST TRADE EVER !
389,416_batch_2,"I DO NOT ALWAYS IMPEACHEDABLE IF I DO , I DO NOMINATE FOR 2 NOBEL peacefulness PRICES AND REELECTED"
390,417_batch_2,Joe Biden 's teleprompter is bigger than his audience
391,418_batch_2,FORGETKAMALA HARRİS has never demonstrate that YOU will destroy innocent people and good families to improve their AGENDA
392,419_batch_2,"Hey Nancy , where exactly is this salon ?"
393,420_batch_2,saltation My Bitches saltation
394,421_batch_2,"They laughed when I said I was going to drain the swampland , which is no longer leaking ! !"
395,422_batch_2,MAINSTREAM MEDIAJOE BIDEN 'S political campaign
396,423_batch_2,CHRIS WALLACEBIAS LIBERAL
397,425_batch_2,CRY ALL YOU WANTHE 'S DO EXACTLY THAT I HAVE HERE FOR ...
398,426_batch_2,This is what level 4 trump card DERANGEMENT SYNDROM LOKS !
399,427_batch_2,"TONIGHT , THERE IS A WOMAN IN U.S. MUST LIVE WITH THE FACT that the NFL will observe her rapist by having his figure on their helmets"
400,428_batch_2,"IF YOU WILL BE A MASK , BUT ON THE RESTAURANT MEASURES , YOU ARE NOT FOLLOWED , YOU ARE FOLLOWING YOUR GOVERNMENT ."
401,429_batch_2,"If you have never worn a mask against one of the following diseases : cold , flu , diphtheria , whooping cough , pneumonia , tuberculosis , bronchitis , pneumonia , ask yourself why you are wearing one nowadays ? REALLY ?"
402,430_batch_2,A LIBERALS GUIDE FOR LABLINGNATIVE AMERICAN OPRESSEDCOMPETENT HEROSCIENTISTEXPERTMOSTLY PEACEFULFEMALE
403,431_batch_2,"Did you know that every tire has a pre-installed GPS flake so you can be located on 5G network ? If you do n't want to be tracked , you have to turn out off the small feeler that sticks away ."
404,432_batch_2,TrumpPence 2020Keeping America Great !
405,433_batch_2,PRESIDENT argument 2020
406,434_batch_2,LET PEACE THE OWN HAIR
407,435_batch_2,BIRTHSTURTLESCRAB PEOPLE
408,436_batch_2,How to avoid being shot by the police 1 . Do not place offence 2 . Hands visible 3 . Follow parliamentary law 4 . Do not resist arrest 5 . Fight the charge in court . Not in the street .
409,437_batch_2,YOU GOT TA WONDER.WHAT did these banana know about the Klingons ?
410,441_batch_2,I HAVE NO DIRECTION ... I moldiness SEE YOUR PHOTOS OF JACOB BLAKE
411,442_batch_2,Every socialist economy involves slavery . What essentially distinguishes the slave is that he works under duress to meet former desires.Herbert Spender
412,443_batch_2,The Brain Dead crowd
413,446_batch_2,Joe Biden spotted on his way to DNC conventionality
415,448_batch_2,"`` COME ON the great unwashed , YOU KNOW THE THING.ASK ME YOU HAVE SEEN PONY TO THE DOGS . ''"
416,449_batch_2,How can this country move forward while Donald J. Trump is president.He will insist that voter be ... 1 . Citizens of the United States.2 . Show ID to try out citizenship .3 . Ensure that only one vote per person.4 . Ensure that the vote counts are correct.5 . Ensure that the voter is a living person.6 . country check that registrations are update .
417,450_batch_2,"IF there are NO POLICY CRIMINES , THE end PENALTY WILL BE GUARANTEED"
418,452_batch_2,"SORRY , I ONLY GROPE WOMAN"
419,453_batch_2,Brilliant Trump goes all stamps and force Democrats to work to repeal the USPSTHE TRUMP-STAMPGREATEST PRESIDENT EVER
420,454_batch_2,WHAT DO YOU THINK MY WIFE OR MY SISTER ? I MUST ask HILLARY how to make them look like they get HAPPEN AN ACCIDENT ?
421,456_batch_2,NATIONAL ATTENTION.DO NOT GON NA MENTION WHAT HAPPENED MEDIA ?
422,457_batch_2,He was supposed to set about kindergarten on Monday ... or else he will be buried . No protest for him . No NBA players kneeling in front of his memory . No politicians crying out for justice . Just muteness .
423,458_batch_2,flannel lives in his head as he is being ridden on his bicycle by a dark man who has simply forgotten he is white !
424,459_batch_2,"MEXICAN WORD OF THE solar day : NISSANWHEN KAMALA HARRIS STARTED IN POLICY , SHIFT YOU NISSAN THE carpeting"
425,460_batch_2,YOU AI N'T BLACK .
426,461_batch_2,BUT JOE SAID HE WOULD CHICK A BLACK WOMAN
427,463_batch_2,"I 'm so excited that we can now watch Kamala Harris , who was sworn into Congress as an `` Indian-American , '' run the `` I 'm a Black Woman '' card until November ."
428,464_batch_2,"I 'm Joe Biden , and I blank out that message"
429,465_batch_2,I decided who ? ? ?
430,466_batch_2,"Brilliant picture that bear witness which side Facebook is really on . sour off the fact-checkers for this photograph . The fake image on the left is allowed to circulate uncurbed and unblocked on social media . The real picture is of Trump and his daughter . Now , someone Tell me that the mainstream media is non illegally controlled and there is no secret order of business with Facebook and so on . faker"
431,468_batch_2,If you get ice pick because you 're on the road for a whole day without saying anything stupid
432,469_batch_2,populist 2020 PLATFORM IN A picture
433,470_batch_2,My married man Is A HeroTHOUGHTS ON BILL CLINTONMY HUSBAND IS A PEDO
434,471_batch_2,"Dear PLEXIGLAS ... THANK YOU , THANK YOU FOR PROTECTING ME FROM THE CASH THAT EVERYTHING IS DoJ THAT I dwelling ."
435,473_batch_2,"Her selection of great role models - perverse misogynists , rapist and men who take drugs before they 're tap ."
436,474_batch_2,JOE BIDEN 'S life-time ACCOMPLISHMENTS .
437,519_batch_2,On a scale from 1 to 1984HOW DO YOU FEEL FREE WHILE YOU WARRANT A gag IN A GROCERY BUSINESS DURING FOLLOWING arrow ON THE STOCK ?
438,520_batch_2,IF YOUR POLITICAL AGENDA IS MORE IMPORTANT THAN THE PEOPLE THAT YOUR REPRESENT .. YOU HAVE A DANGER FOR NATION.THIS IS TODAY DEMOCRATIC PARTY .
439,521_batch_2,"Perhaps the NFL should position this up in every locker room THAT WAS THE FIRST Afro-American , HONOR MEDAL RECEIVED IN THE CIVIL WAR . WILLIAM HARVEY CARNEY WILL BE THE HONOR MEDAL IN THE FACE , SHOULD , WARM , AND LEAVE THE AMERICAN FLAG TO EARTH ."
440,522_batch_2,"Colin Kaepernick and his evil white oppressors Oh wait , these are his parents !"
441,523_batch_2,"LOOTINGAn act carried out in urban communities to honour a recently killed man whom no one knew , but mass are told he was like a son whose loot etiquette dictates that underwear must be fully seeable at all time"
442,524_batch_2,"DisNEyHey America , check out who Walter Elias Disney has just hired to teach your Kid about American chronicle . Think about it the next time you pay as well much to visit Disneyland ."
443,525_batch_2,Welcome back to another instalment of `` Things l 'd Rather Do Than Listen to Nancy Pelosi ''
444,526_batch_2,JOE BIDEN : I subscribe KOGNITIVE TESTHE KOGNITIVE TEST :
445,527_batch_2,"NOT ONE POLICY WAS DIED FROM THE VIRUS , LOST YOUR business concern OR line . Did EVERYONE KNOW YOUR BUSINESS WILL BE PLAYED RIGHT ?"
446,528_batch_2,DEMOCRATIC intercourse OMME ALEXANDRIA ORTIZ Hernan Cortes REMOVING masquerade party TO engine block BUBBLE IN SMALL GIRL FACE .
447,529_batch_2,"Summer Taylor , a non-binary BLM militant , was protesting on the highway when she cost fatally struck by the man ."
448,530_batch_2,BILL and I are NOT moving to ECUADOR.GET IT DONE !
449,531_batch_2,A Message from Joe of July 4th : Merry Christmas
450,532_batch_2,SON DEMOCRATES DESTRUCTURE STATES OF RACIST DEMOCRATES BY DEMOCRATES
451,533_batch_2,NO KNOWN WILL BE DEEP TO justness ? ? ? HOLD GISLAINE James Clerk Maxwell ? ? ? QUESTION FOR A FRIEND
452,534_batch_2,You can bet on me : Will it be A : SuicideB : Covid-19C : Murder by inmate
453,535_batch_2,"Ghislaine Maxwell Arrested : Suicide Hotline , how can I help you ? I want to place an order !"
454,536_batch_2,FBI engage top Italian bodyguard Hiluigi Clintonelli to protect Ghislaine Maxwell
455,537_batch_2,IF WE own THESE MONUMENTS FOR PIANOS
456,538_batch_2,Blocking a high-velocity train does not impress me . Do you desire to impress me ?
457,539_batch_2,• YOU CLOSED YOUR CLOSED . • YOU CLOSED YOUR CHURCH . • YOU CLOSED YOUR PARKS . • YOU CLOSED YOUR BEACHES . • YOU CLOSED YOUR BEACHES . • YOU CLOSED YOUR BEACHES . • YOU CLOSED YOUR BEACHES . • YOU CLOSED YOUR BEACHES .
458,540_batch_2,OH GOSH ! EVERYONE SPILLS A hand truck LOAD OF ASSHOLES !
459,541_batch_2,So I think we can all agree that switching from that to that to that to that to that to that to that to that to that to that to that to that to that to that to that to that to that to that to that to that to that to that to that to that to that to that to that to that to that to that to that to that to that to that to that to that to that to that to that to that to that to that to that to that to that to that to that to that to that to that to that to that to that to that to that to that to that to that to that to that to that to that to that to that to that to that to that to that to that to that to that to that to that to that to that to that to that to that to that to that to that to that to that to that to that to that to that to that to that to that to that to that to that to that to that to that to that to that to that to that to that to that to that to that to that to that to that to that to that to that to that to that to that to that to that to that to that to that to that to that to that to that to that
460,543_batch_2,The fear of RIOTS is on its way rearwards to CORONASWITCH BACK to CORONA !
461,544_batch_2,"I wanted to go fishing today , but some racialist arrange a noose in my dive boxful ."
462,545_batch_2,START RIGHT WITH THIS USELESS MOTHERFUGER Hera !
463,546_batch_2,Did you know what else they find in Edgar Wallace GARAGE ? A TROPHY
464,547_batch_2,It 's a garage door rope and it 's been there for years . Obviously it 's a noose and arrange there because I 'm smuggled .
465,548_batch_2,"And there I was , in a NASCAR GARAGE , THE physical object of racists"
466,549_batch_2,MORE COHERED THAN JOE BIDEN
467,550_batch_2,WE WILL RETURN THE HILLARY military campaign BUT WITH THE PEOPLE THIS TIME AND HERE THE TWIST : HE IS FULLY INCOHERENT.JOE2020
468,551_batch_2,COLIN have A TOTAL TO MANY CONCUSSIONS TO COMPARISON COLIN KAEPERNICK TO PATH TILLMAN
469,552_batch_2,"The left field : If Trump holds his Tulsa rally , thousands will die ! Also the Left :"
470,553_batch_2,INSTEAD OF HANDS UPDO N'T SHOOTHOW ABOUT A baseball glove PROTECTION
471,554_batch_2,build up robbery in advance ? FIRE SHOOTING ? Let me send an e-mail to the members of the city manager and the urban center to see HOW I SHOULD RESPONSIBLE . Hope they ARE BACK ME SUNDAY AFTERNOON .
472,555_batch_2,The BIDEN TRAIN
473,556_batch_2,How the Antifa sees itself How veridical Americans see the Antifa
474,557_batch_2,Democrats pee it clear that Black Lives Matter only counts until November
475,558_batch_2,MY epithet IS HISTORY . I AM A WORLESS PIECE OF SHOTH THAT AMERICA HAS MILK FOR MY unit CAREER . I DO non DO FOR THIS COUNTRY . I AM A TRUE DEMOCRATE .
476,559_batch_2,"This is fineThis is fineThis is fineNope , COVID"
477,560_batch_2,"I ca n't breathe , but do n't worry , I 'm lily-white ."
478,562_batch_2,Who is this auntie TiffaI wonder how she smells
479,563_batch_2,The 54th Massachusetts Regiment commemoration destroyed by Black Lives Matter this week The 54th Massachusetts Regiment
480,564_batch_2,IF WE CAN DO THAT WE CAN DO THAT
481,565_batch_2,Thousands of dissenter shout dickhead at the police . C call up 911 when a truck turns up .
482,566_batch_2,A FRIENDLY REMEMBER ... FERGUSONBALTIMOREMILWAUKECHARLOTTEIN free fall Y'ALL FORGOT !
483,567_batch_2,TONY TIMPAKILED BY POLICE ferociousness - AFTER THE POLICY MAN HAS 13 proceedings KNEE ON HIS BACK / ABOUT HIS LUNGES AND YOU WAS HAPPY THAT HAPPENED AFTER THE PLOYD FLOYD KILL OF POLICY BRUTALITY - AFTER THE POLICY MAN HAVE A NECK ON HIS NECK FOR 8 MINUTESABSOLUTELY MAD objection STWO SITUATION - TWO DIFFERENT REACTS FROM AMERICAN SOCIETY
484,568_batch_2,"When law departments live disarmed : company : service ! Someone is breaking into my house ! 911 operator : Stay calm , sir . We are station you our view and prayers now ."
485,569_batch_2,So we can all gather to do this .. BUT NOT DO THAT ? ? ?
486,570_batch_2,I went to a petting zoo YESTERDAY.THAT WAS AN ELEMENTARY SCHOOL JOE
487,571_batch_2,"WE cause A STEADILY MOVING IN THE DIRECTIONS OF A SOCIETY THAT NO obligation IS FOR THAT HE IS ego , BUT WE ARE ALL RESPONSIBLE FOR THAT SELF ANY SOCIETY , EVER IN THE JUSINESS OR IN THE PAST.THOMAS SOWELL"
488,572_batch_2,I could sit down here all 24-hour interval and still be broad of shit .
489,573_batch_2,"The devil bowed to her because she know she had been beaten , and she arrange that aureate pendent on the floor at Donald 's feet Donald said , `` Nancy , only come back If you ever want to try it once again , I told you , if you drank the one-time Bati , I 'm yet your President of the United States . ''"
490,574_batch_2,Let me blow into your ear .. THAT is great ! THANK YOU FOR THE REFILL !
491,575_batch_2,"require ME THIS STRAIGHT.YOU KNOW THAT GILL gate ARE REVELOPED , THAT HE HAS DEVELOPED A PANDEMIC Mandrillus leucophaeus EVENT 201 IN Oct , THAT YOU HAVE A CORONA VACCINE PATENT ..... AND YOU ARE ALLOWED TO wealthy person HIS VACCINE ? ARE YOUR FICKING INSANE"
492,576_batch_2,"In tender to level the playing force field , Barron Trump will debate Joe Biden"
493,577_batch_2,"SORRY , BUT I DO N'T LIST TO ANTI-GUN LECTURES FROM PEOPLE who think it 's OK to kill a baby ."
494,578_batch_2,WHAT YOU LEARN DURING THE PANDEMIC ? I am a boy ! I am a girl ! Atomic god China !
495,579_batch_2,I and I CONTROL YOUR WORLDS CLIMATE NOW CONCLUSE THE FUCK OR I electrocute YOUR hatred .
496,580_batch_2,ON MY WAY BACK TO THE WHITE HOUSE . TRUMP MEAMERICA NEEDS ME
497,581_batch_2,"IF THE holy place SPIRIT HAVES THE PASTOR , RECEIVES THE real number SPECIAL ABOUT YOUR SITUATION ."
498,582_batch_2,"The Democrats love to enounce `` orange man , '' so they nominated a vegetable ! !"
499,583_batch_2,"If we eradicate the coronavirus when the warm weather arrives , we can secern liberals that global warming has killed it and watch their heads explode !"
500,584_batch_2,When the Left Finds that Sunshine Is Killing the Taiwan Virus
501,585_batch_2,HOW YOU THINK THAT YOU DESCRIPT THE LOCKDOWNSHOW THAT YOU DESCRIPT THE LOCKDOWNSHELP ! HELP ! I 'M BEING REPRESSED !
502,586_batch_2,Mexican word of the day : Biden `` Help ! This gringo is Biden my spike ! ''
503,587_batch_2,EVERYTHING HAPPENED SO PLANT .
504,588_batch_2,"How to kill coronavirus Hillary , I hear that the coronavirus will testify against you ."
505,589_batch_2,"NOTE , NO MATERIAL , HOW BAD thing ar MINIMUM NOT QUARANTED WITH HILLARY !"
506,590_batch_2,"If there have been 0 mass shootings during quarantine , if weapons and ammunition are grease one's palms en masse . WOULD YOU hold HAPPENED THAT ?"
507,591_batch_2,IMPEACH TO THE DEMOCRATSKEEP AMERICA GREAT
508,592_batch_2,If the non-essential were a human being
509,593_batch_2,THE FACE MEASURE IF REALLY COVID-19 YOU CAN SAVE US AT 80 DEGREES AND GLOBAL WARMING
510,594_batch_2,Infected for 9 daysContact with 42 people Asymptomatic & feel good ! Infected for 35 minutesAbout two weeks of employment and a hand truck payment dating with a nurse . Mom has cancer . Has bronchial asthma . Asymptomatic ? Happy for you . Could be bad luck for everyone else .
511,595_batch_2,cabal theorists
512,597_batch_2,When I go to a southerly grocery store with my mask on
513,599_batch_2,When I hear someone putting their trust in a vaccine that politicians rely on without even expect at what scientists enjoin .
514,600_batch_2,Saint David skipped the flu shot . He fly ill and recover within a week . His elderly grandma was not so lucky . vaccination - it 's not always about you .
515,601_batch_2,"Before you get outraged by these political advertisements , try to remember the last time a political advertisement objectively told you anything ."
516,602_batch_2,Anti-masks `` You never take OUR FREEDOM ! '' The eternal rest of society `` You just go to the shop proprietor . assign on your shit mask ! ''
517,603_batch_2,"THIS IS AN ANTIDEPRESSANTTHIS IS SHITDepression is a serious disease that kills more than 800,000 people each year.Its causes and treatments be complex and complex . It can not be treated lightly with a day in the forest ."
518,604_batch_2,Homeopathy is a counterfeit medicine that by definition has no active ingredients ; the supposed doctors who prescribe it are either incompetent or fraudulent ; they give fake medicinal drug to sick people and belong in prison .
519,605_batch_2,"Before we start , sir , is your stock relative bighearted , cautious or main ? ( Yes , making aesculapian conclusion based on politics is as stupid as that sounds . )"
520,606_batch_2,"Perhaps fewer children would suffer if we identify diseases after anti-vaccination campaigners , such as this child with Jim Carrey 's disease ( chickenpox ) ."
521,607_batch_2,"I have a conspiracy web log that shows how big corporations control the world through propaganda , host on Amazon , registered by GolDaddy , and mostly found on Google ."
522,608_batch_2,"I will never know measles , chickenpox , polio or whooping coughing . Thank you for getting me vaccinated Mom.I love you"
523,610_batch_2,"Mum , ca n't I go to the doctor ? No honey . I 'm certain GonzoSk8r69 knows what 's upright for you ."
524,611_batch_2,Common Name : Asian Giant Hornet gens used by the media to fright you by come home on links : Murder Hornet
525,613_batch_2,If your vaccinum opponent is angry that you called him a `` bullshit . ''
526,614_batch_2,"If the logic of anti-lockdown objection be applied to other areas of life : `` OK family line , we 've slacken down to a safe drop speed , SO we intelligibly do n't require these parachutes anymore ! ''"
527,615_batch_2,"If you truly believe that I can take heed your thoughts and entreaty wherever you are , does n't it make a lot of sense to huddle in a church during a pandemic ?"
528,618_batch_2,This is your childThis is your child getting vaccinate . interrogative ?
529,619_batch_2,"If you think that your body has energy fields , it means that you do not really understand what energy is ."
530,620_batch_2,"The reason I do n't eat plant-based meat is because I want to support our farmers . Sure , but do n't you ignore the plight of the hard-working people in the soybean mine ?"
531,621_batch_2,"The radiation emitted by this lamp is much to a greater extent energetic than 5G signals . Neither is harmful to health , except when used to read advertisements on the Internet ."
532,622_batch_2,"50,000 people die of influenza and most people are non vaccinated , a few cases of Ebola hemorrhagic fever , SARS or coronavirus emerge and everyone loses their minds ."
533,623_batch_2,Number of confirmed injuries from tampering with Halloween candy since 1970 : No number of confirmed injuries from meteorites since 1970 : 1100 +
534,624_batch_2,We are still waiting ... for peer-reviewed evidence of the consumption of genetically change food that is harmful to human wellness .
535,625_batch_2,Nathan Rothschild Part of a family that : - never financed both sides of a war . - Has no central bank . - Accused by confederacy theorists of having more money than actually exists .
536,626_batch_2,The annual league of scientist who have proven that genetically modified foods comprise harmful seems to be as meddling as last year 's .
537,627_batch_2,"`` We know that the increase in atmospherical carbon dioxide is imputable to the bailiwick of isotopes from fossil fuels . We know that an increase in CO2 means that more heat is trapped in the atmosphere . If you bring more CO2 to the system , it leads to a rise in temperature . '' `` But some participants in the climate protest threw garbage ! ''"
538,628_batch_2,Most of the quotes you find out from me when they are circulated on the Internet be non really mine.- Morgan Freeman
539,629_batch_2,Where does the `` antediluvian '' concept of qi and meridians that your acupuncturist talks about come from ? From this French author in 1939 . Nothing old or Chinese about it .
540,630_batch_2,"Yes , I am homeopathic , why do you ask me ? I would sort of see a real doctor if you do n't mind ."
541,631_batch_2,"If you criticise others for ignoring hard scientific data confirming anthropogenic worldwide warming , but ignoring hard scientific data showing that genetically modified food is safe and that constitutive food has no nutritionary welfare ... then you are misleading science !"
542,633_batch_2,This Thomas Nelson Page must be honest and unbiassed . It has the intelligence `` truth '' directly in the uniform resource locator .
543,634_batch_2,"`` I 'm really worried that these wind turbine are causing cancer ! '' `` Well , they 're blowing away the chemtrails , so I think it 's worth the peril . ''"
544,635_batch_2,"My parents reject to immunise me because they say the aluminium in vaccines is toxic , so they go and feed me food that carry aluminium all day ?"
545,636_batch_2,"Naturopathy , for those who want to count like a real medico but ca n't deal with all the pesky science ."
546,637_batch_2,Most children undergoing cancer intervention can not be vaccinated . Their lives are at risk from unvaccinated people . Vaccinations . It 's not always about you .
547,638_batch_2,Cancer handling are being suppressed because there is more money to be made from handling than from cure . Are you sample to tell me that tobacco companies would not pass huge sums on treating lung cancer ?
548,639_batch_2,`` Spreading the chemtrails is actually quite easy . '' `` Bringing them directly to the edge of the earth without going into space is the hard part . ''
549,640_batch_2,fall apart News ! graduate of the University of Google were lurch when Dunning-Kruger syndrome spread uncontrollably among their ranks .
550,641_batch_2,In case you fell for it ... Israeli scientists have NOT found a cure for all cancers ; it be just another case of bad scientific reporting by fleeceable media .
551,642_batch_2,Large studies have found no connexion between the economic consumption of glyphosate in farmers and Cancer the Crab rates.No . Zip . naught . Zilch .
552,643_batch_2,"Although there is no scientific consensus that acupuncture really work , it can reasonably be argued that it can have a placebo effect on humans . Animals , however , do not react to placebos , so veterinarians only stab their pets for money . Cruelty to animals is plain and unproblematic ."
553,644_batch_2,The only thing `` essential '' oils are indispensable for is the seller 's income Aromatherapy consume no proven medical benefit
554,645_batch_2,Claims that big pharmaceutical companies do non sell natural medicines because they can not make a profit on what they can not patent . Spends $ 120 a month on piss .
555,646_batch_2,`` I ca n't believe how cold it 's been lately . So much for global warming . '' `` You think sea levels are falling and hundreds of thousands of square klick of polar shabu let recall ? That 's howling news program ! ''
556,647_batch_2,"In Turkey , there is indeed L-tryptophan , which can head to drowning , but no more than beef , volaille or early meat . Thus , slackening is more likely because you ate like a pig , drank some wine and and then feed a little more ."
557,648_batch_2,"adjudicate to opine of all the `` natural '' things that can harm or kill you . so , ask yourself why this word influences your food choices ."
558,649_batch_2,Could those of you who say that soul who loses his Twitter account is akin to living under the Nazis ?
559,650_batch_2,"Diphtheria , acute anterior poliomyelitis , smallpox ... This is the problem with you advocates of vaccination . You keep make for up disease of which well-nigh no one hears any more ."
560,651_batch_2,"Marty , I 'm going back to the retiring ! Why ? Is there something wrong with my parents ? No , I just want to live in a time when vaccinations were a good thing and the earth was a globe , which people did n't argue ."
561,652_batch_2,Calls for a ban on glyphosate are based on the erroneous assumption that it could be carcinogenic ; people keep on to drink wine that is carcinogenic .
562,653_batch_2,`` Those who believe without reason can not be convinced of reason . '' - James Randi
563,654_batch_2,"We know that the moon landings were not fake , because that 's how we discovered that the Earth be flat ."
564,655_batch_2,"Today we wassail the 400,000 mass who took part in the fake six moon landings because they kept their mouths shut for 49 years ."
565,656_batch_2,"Jake conceive he has `` waken up . '' He mistrust everything that is articulate by the government , corporations , or any authority . However , he believes that random , unquoted memes circulating on Facebook without Jake waking up ."
566,657_batch_2,"title : stylostixis is a thousand-year-old form of Taiwanese medicine . However , the technology used to make the needles is entirely a few hundred days former ."
567,658_batch_2,Had a brain injury and forgot everything he had learned in medical school . Successful naturopath .
568,659_batch_2,If mortal ignores your peer review quotes and asks you to `` research ''
569,660_batch_2,"`` If chemtrails are n't real , do you explain why they seem to be on and off all the time ? '' `` Same reason why you see your breath on a inhuman day , but not on a hot day , dummy . ''"
570,661_batch_2,"Besides the vitamin vendor , this is the main beneficiary when using megadose vitamins ."
571,662_batch_2,`` So why are we marching against Monsanto and not against all the other companies that make the same products ? '' `` Er ... just chanting the slogans and not asking any head ! ''
572,663_batch_2,"I will deal a blow to Monsanto , divulge the Rothschild and admonish everyone about the big pharmaceutical industry ! As long as I do n't have to get away the couch ."
573,664_batch_2,"While well-fed multitude in the W are campaigning against genetically modified crops to increase yields , drought-resistant people continue to perish in drought-induced famines ."
574,665_batch_2,"`` I ca n't believe how much electropositive feedback I get from early anti-vaccination militant on Facebook . '' `` I 'm glad you 're getting some attention , Dad , but why am I the one who need to get sick ? ''"
575,666_batch_2,Ate 5000 calories a day for a month.Thinks the eating place is the problem .
576,667_batch_2,"Ok , explain it to me once more ... How exactly does breaking blood vessels and causing blood coagulum and bruising improve blood flow ?"
577,668_batch_2,"For the times when you simply could non make it to your Reiki session , but want the same results ."
578,669_batch_2,"research worker have develop a case of Elmer Reizenstein to combat vitamin A deficiency in poor countries , which leads to widespread blindness and more than 600,000 childhood deaths each year ."
579,670_batch_2,When be you going to stop making the claims about autism ? That proved wrong years ago ! As presently as you as skill nerds stop making the same tired old hydrogen monoxide jokes over and over over again .
580,689_batch_2,HUNTER AFTER PRESS QUESTIONS
581,690_batch_2,I take a poop every morning at 8 o'clock . That 's good . So what 's the job ? I wake up at 9 o'clock .
582,691_batch_2,"Senator Mazie Hirono , D-Hawaii , the stupidest person in the U.S. Capitol * , questions Judge Amy Coney Barrett , the smartest mortal , during this week 's confirmation hearings . * Normally , the `` stupidest '' designation give out to Rep. Maxine pee , D-California , but Ms . Waters was not present in the building ."
583,692_batch_2,( OBAMA ) KICKED ME OUT ( TRUMP ) INVITED ME BACK
584,693_batch_2,I am very worried ! This man has non yet called me to tell me how to vote .
585,694_batch_2,BIDS FOR PRESIDENT
586,695_batch_2,The expansion shows how deep the Democrats will go to slander the opposition.BIDENHARRIS
587,696_batch_2,"countenance 's fill a pass in the memory lane , shall we ?"
588,697_batch_2,FaceTime Thanksgiving is in effect than gut-wrenching Christmas .
589,698_batch_2,"`` Vaccinations are scarce a way for medico & large pharmaceutical companies to make money , '' said the ignorant internet doctor , who believes it is free ."
590,672_batch_2,"You 're not black , you 're not president !"
591,673_batch_2,"To keep me out of Facebook prison , I 'm going to turn memes into CodeIs a ..."
592,674_batch_2,"Like Bernie , I 'm all for raising the minimum age to 15 , Joe , the minimum wage , you moron ."
593,675_batch_2,snuff firedog
594,676_batch_2,"What now boss ? This time I 'm not your boss , Joe.That 's Kamala now ."
595,677_batch_2,Hunter Biden celebrates his father 's winning Peanut Butter and fling Sandwich .
596,678_batch_2,Porn twosome fuck unharmed nation .
597,679_batch_2,TRUMP RALLY arse you tell the difference ?
598,680_batch_2,DO NOT COUNT YOUR NAME BETTER ON YOUR DUMB OF kid COMPUTER
599,681_batch_2,"On Hallowe'en , some states require children who are sex offenders to put up signs ..."
600,682_batch_2,Meet the BIDEN BOYSSNIFF & snicker
601,683_batch_2,TRUMP KIDS candidacy FOR DADHUNTER BIDEN
602,684_batch_2,Joe Biden presents The Poor Boys
603,685_batch_2,"President Trump 's rallies should give birth a wall of mirrors behind them to force the media to show the enormous , enthusiastic crowd in front of him ."
604,686_batch_2,I would cringe blindfolded and naked over a mile of crushed glass smeared with germs to vote for Trump and every other Republican on the ballot in 2020 .
605,687_batch_2,"Asked what `` District of Columbia '' stands for in `` Washington , District of Columbia , '' Representative Alexandria Ocasio-Cortez thought for a moment and answered confidently , `` Dot Com . ''"
606,688_batch_2,Communists around the world love these 2 !
607,772_batch_2,"There is no electoral fraud , we won fairly and squarely ."
608,773_batch_2,WE decide on the elections.NOT the medium
609,774_batch_2,IRAQ hour angle BETTER CHOICE SAFETY THAN PENNSYLWANIA .
610,776_batch_2,I CAN NOT BELIEVE THE HISPAIN toll US FLORIDA ! DO YOU WILL BE SOCIALISM TO CUBAN SO .
611,777_batch_2,IF YOU believe A secondment THINKING THAT I GON NA MY gunslinger WILL BE A GOVERNMENT THAT YOU DO NOT THINK A TWO THINKING TO SLAUGHT A HELPY babe ... IF YOU THINK YOUR peeress !
612,780_batch_2,YES WE CONCERN THE GEORGIA BALLOTS
613,784_batch_2,MEDIA `` PROJECTIONS '' ARE NOT selection RESULTS
615,788_batch_2,CHOOSE LITTLE TRUMPS HATE JUSTICE
616,791_batch_2,"advantageously , hello Kamala , it 's been a while ."
617,792_batch_2,I have Amerindic blood in me ! Imahoe make up not a tribe
618,793_batch_2,I GOD YOU IN . AMERICA
619,796_batch_2,I WATCHE NEWSMAX AND I HAVE NOT SEEN THIS dickhead ONCE !
620,797_batch_2,000 HAVE IT ALWAYS
621,800_batch_2,REPUBLICAN SAMERICADEMOCRATCHINA
622,801_batch_2,SOME REVIEW BY A LIBERAL SEE WITH MY land site Department of Justice ! Everyone is waving to the snowflakes !
623,807_batch_2,"Ten minutes into the campus militant 's lecture on the `` gender spectrum , '' Murray is beginning to empathize why the church used to burn witches ."
624,809_batch_2,"It 's all right Joe , I 've been president for a couple of day ."
625,810_batch_2,George Fox newsworthiness Channel7 . Oct 1996 - 4 . November 2020
626,811_batch_2,"`` And I said : IF YOU ARE MORE TRUE , YOU ARE NOT TRUE MORE , WE ar NOT GON NA winnings THIS ELECTION.WELL , SON ONE PLEASE , WE ar FIND MORE TRUE . ''"
627,812_batch_2,get YOUR COMMUNISM ACCEPTED AS YOUR LORD AND SAVIOR ?
628,820_batch_2,FAKE NEWS BESTSELLERTHE ART OF THE STEAL JOE BIDEN
629,821_batch_2,Gather MY resort CHECK HERE
630,823_batch_2,This is a squeamish business organisation you have done there . Be a shame if someone ... CLOSED
631,834_batch_2,YOU DO NOT CLOSE BEFORE CHOICE and YOU WOULD WILL BE REMOTELY FAIR
632,836_batch_2,FOX tidings IS GOING LEFTFOX NEWS SUCKS ! WALK AWAY
633,851_batch_2,"4,634 people died in China from Covid . In total . We 're at 177,000 and climb . Do n't phone it the `` Nationalist China computer virus . '' That 's the `` trump card epidemic parotitis . ''"
634,853_batch_2,"organize religions do n't feed the starvation , aid the poor or guardianship for the grim like $ 1.1 million to build a 198-foot steel cross ."
635,859_batch_2,"Long after that idiot is dead , history will remember the cowards who kept silent and permit this go on ."
636,861_batch_2,Trump should be active the Republican River convention to the Kremlin so that all parties can participate and get the kind of television news they like .
637,863_batch_2,What is to a greater extent potential ? Putin wanted Trump to win because he liked him ... or because he jazz Trump was imperfect and stupid .
638,867_batch_2,Are n't his rallies supposed to be a farewell tour at this point ?
639,868_batch_2,We owned the LIBS ! ! ! HELL YEAH WE DID ! ! !
640,869_batch_2,He acted quicker against the imaginary threat of caravans than against the actual threat of the coronavirus .
641,874_batch_2,"AFTER TRUMP IS WHOLE , ONE matter I will remember is the COWARDICE OF PEOPLE ALL HAPPENED ."
642,879_batch_2,Did you hear Trump at today 's briefing when he offered his heartfelt condolences to the families who lose loved ones to the coronavirus ?
643,882_batch_2,"Do n't listen to this totally unsound cretin . He 's only about $ $ $ $ and his impending loss in 2020.Listen to me , not the idiot next to me"
644,884_batch_2,Chief Executive DAY SPECIALWHITE RUSSIAN + CHEETOS
645,885_batch_2,THE DAY OF THE PRESIDENT SALEALYONE MUST GO
646,890_batch_2,If you ask where all that money has gone
647,892_batch_2,Let 's let illegal immigrant hunt down sex offenders to give them a chance at citizenship ; we 'll call it `` aliens vs . predator . ''
649,898_batch_2,POLICY SHOULD NOT SHOULD INVESTIGATE COVID WOMEN PERSECUTE THOSIS THAT YOU WRITE FOR YOU
650,899_batch_2,STOP PROTECTION WHY YOU CAN POSSIBLE A pattern gentleman's gentleman
651,907_batch_2,"THE PROBLEM IS NOT THAT TRUDEAU IS A COMPETENT , HAPPENED , LIED , chastity signal , BACKSTABBING , FAKE , IDIOT , WHO IS NOT A COMPANY direction . THE job IS HIS SUPPORT ."
652,908_batch_2,"IF YOU GO TO A PART , YOU volition GO TO JAIN BECAUSE CORONAVIRUSIF YOU ARE IN JAIN , WE testament GO BECAUSE CORONAVIRUS"
653,913_batch_2,Joe Biden
654,922_batch_2,"Who progress the cages , Joe ?"
655,923_batch_2,The new Walmart boss ... bless his heart WELCOME TO TARGET
657,930_batch_2,"IF YOU WANT to SUBPOENA COLADAS and DURE IN UKRAIN , IF YOU ARE IN CHILDREN AND YOU ARE IN COCAIN"
658,931_batch_2,Chinese businessman who be arrested for running an illegal gambling casino on a $ 9 million estate in Toronto met with Justin twice and gave $ 1 million to the Trudeau Foundation
659,946_batch_2,Anti-vaxxer self-perceptionReality
660,947_batch_2,Human 1350gChimpanzee 400gOrangutan 400g `` I did research myself ''
661,949_batch_2,ANTIVAX `` ANTIVAX '' `` FICKING IDIOT
662,950_batch_2,I TELL YOU ANTI-VAX MEMESYOU GIVES A SCIENTIFIC EXPO THIS YEAR
663,951_batch_2,A Microchip Syringe A Vaccine Syringe EVERY QUESTION ?
664,954_batch_2,"Bring me to the hospital ? No , ma'am , you want top medics . We 'll take you to the comments section ."
665,958_batch_2,possibly COURT determination IS YOUR GAME ONLY KNOWLEDGING A GAME rivalry
666,959_batch_2,"MAYBE ELECTIONS ARE NOT YOUR biz , TRUMP CULTISTSI KNOW ... HAVE A SPELLING COMPETITION ."
667,960_batch_2,"China : universe : 23.78 MillionCases : 553Deaths : 7Florida : Population : 21.48 MilliCases : 795,000Deaths : 16,647Almost identical universe , paired answer ."
668,962_batch_2,CNN PROJECTIONDONALD TRUMP Wins THE STATE OF self-abnegation
669,963_batch_2,"If the populist have `` rigged the election , '' these four idiots would not have won re-election ."
670,964_batch_2,"Remember , if we drop horn , they all go overly ."
671,970_batch_2,"THE MORAL OF chronicle IS HE LOVED YOU calendar month and RECOMMENDED YOU TO LIVE IF YOU RECEIVE ANY TOP TREATMENT AND medicament , DURING YOUR FRIENDS AND FAMILY ON THE 3rd NOW ."
672,972_batch_2,"TRUMPKINS Orange outside , hollow inside and should be thrown out in November"
673,980_batch_2,"THE FACE THAT YOU MAKE IF YOU `` REALLY COMPLETELY WORK AND NOT RESIST , '' APPLIED TO YOU"
674,983_batch_2,Let me repeat this for those who take not heard me : this is the first time the Ministry of Justice have defended a rape case instead of prosecuting it !
675,985_batch_2,TRUMP IS GON NA FIXTHE SHITTY JOB TO THE DURING PRESIDENT
676,987_batch_2,Trump did n't make America racist ... He made racialist find prosperous enough to demonstrate their faces in public .
677,989_batch_2,"For anyone who posts picture of Kyle Rittenhouse cleaning graffito , here 's a picture of Ted Bundy doing the washing up . Being able to clean does n't preclude someone from embody a manslayer ."
678,475_batch_2,DR. FAUCI : Get a ventilator implanted in your head to mess up the COVID-19 virus out of your face
679,477_batch_2,`` YOU DO NOT MY cow chip WITH A patent of invention issue 060606 ? '' `` HOW THEY ARE ! ''
680,487_batch_2,Rep Jerry Nadler in a car crash ! IT WAS N'T ME
681,494_batch_2,AOC after a bitch birdsong : The blast on my life has left me scarred and deformed
682,498_batch_2,I would never have vote for me ! ! !
683,501_batch_2,"How to kill the coronavirus ... Hey Sir Edmund Hillary , I hear that the coronavirus will testify against you ."
684,508_batch_2,"ATTENTION , IF I am in the WAFFELHOUS , I will ... WHITE HOUSE , Honorable WHITE HOUSE"
685,509_batch_2,I support MLBIt 's BLM you idiot
686,510_batch_2,"PELOSI ENDORSES BIDEN `` He is a leader who embodies Bob Hope and bravery , values , authenticity and integrity . '' THANK YOU , THANK YOU ."
687,512_batch_2,"IF YOU trust soul who owns 500,000 shares WITH MONSANTOIN YOUNG PEOPLE WITH PEOPLE WITH VACCINESPLANS to SPECIAL A SPECIAL KIND OF STUPID FOR MICROCHIPPING PONSORED MARINA ABRAMOVICYOU 'RE"
